24hour1(1)_License.jpg,
24hour1(7)_License.jpg,
24hour1(8)_N.jpg,
24hour1(9)_N.jpg,
24hour1(11)_N.jpg,CATZ190267
24hour1(12)_N.jpg,CATZ190267
24hour1(13)_N.jpg,CATZ190267
24hour1(16)_N.jpg,
24hour1(23)_N.jpg,
24hour1(28)_N.jpg,
24hour1(29)_N.jpg,
24hour1(30)_License.jpg,
24hour1(32)_License.jpg,
24hour1(32)_N.jpg,
24hour1(34)_License.jpg,
24hour1(37)_License.jpg,
24hour1(37)_N.jpg,
24hour1(38)_License.jpg,
24hour1(41)_N.jpg,
24hour1(42)_License.jpg,
24hour1(43)_N.jpg,
24hour1(44)_License.jpg,
24hour1(44)_N.jpg,
24hour1(47)_License.jpg,
24hour1(47)_N.jpg,
24hour1(48)_N.jpg,
24hour1(49)_N.jpg,
24hour1(50)_N.jpg,
catest01-0-15112021-2125-34-_License.jpg,
catest01-0-16112021-1742-15-MelissaDoug_N.jpg,PTLZD87959
Driving(1)_N.jpg,02884MSM
Driving(6)_N.jpg,
Driving(7)_N.jpg,
Driving(10)_N.jpg,HT2146
Driving(13)_N.jpg,SHT2140
Driving(14)_N.jpg,
Driving(16)_N.jpg,
Driving(38)_N.jpg,
Driving(39)_License.jpg,
Driving(44)_N.jpg,SWFZ182761
Driving(46)_N.jpg,
Driving(47)_License.jpg,
Driving(47)_N.jpg,
Driving(50)_N.jpg,
Driving(52)_N.jpg,
Driving(54)_N.jpg,595518
Driving(65)_License.jpg,
Driving(70)_N.jpg,
Driving(74)_License.jpg,
Driving(74)_N.jpg,800-543-5589
Driving(75)_License.jpg,
Driving(78)_License.jpg,
Driving(80)_N.jpg,
Driving(85)_N.jpg,
Driving(89)_N.jpg,139160
Driving(95)_License.jpg,
Driving(102)_N.jpg,
Driving(105)_N.jpg,
Driving(108)_N.jpg,
Driving(109)_N.jpg,
Driving(112)_N.jpg,
Driving(124)_N.jpg,53246
Driving(125)_N.jpg,
Driving(127)_N.jpg,
Driving(132)_N.jpg,
Driving(135)_License.jpg,
Driving(137)_N.jpg,51250
Driving(139)_N.jpg,53258
Driving(142)_License.jpg,
Driving(142)_N.jpg,
Driving(146)_N.jpg,
Driving(147)_N.jpg,
Driving(148)_License.jpg,
Driving(156)_N.jpg,
Driving(159)_N.jpg,
Driving(162)_N.jpg,SWRU 944 455
Driving(164)_N.jpg,SWRU 944 455
Driving(165)_License.jpg,
Driving(173)_N.jpg,
Driving(177)_N.jpg,877.221.3213
Driving(180)_License.jpg,
Driving(181)_License.jpg,
Driving(182)_License.jpg,
Driving(185)_N.jpg,877.221.3213
Driving(188)_N.jpg,289474
Driving(189)_N.jpg,289474
Driving(190)_License.jpg,
Driving(190)_N.jpg,T196
Driving(191)_N.jpg,T196
Driving(193)_License.jpg,
Driving(194)_N.jpg,T196
Driving(201)_N.jpg,877-PRIME-JOB
Driving(202)_License.jpg,08B 649
Driving(203)_N.jpg,877-PRIME-JOB
Driving(204)_N.jpg,877-PRIME-JOB
Driving(205)_License.jpg,08B 649
Driving(206)_License.jpg,08B 649
Driving(208)_License.jpg,
Driving(208)_N.jpg,215373
Driving(209)_License.jpg,
Driving(209)_N.jpg,877-PRIME-JOB
Driving(210)_N.jpg,
Driving(214)_N.jpg,215373
Driving(217)_N.jpg,215373
Driving(220)_N.jpg,215373
Driving(224)_N.jpg,215373
Driving(229)_License.jpg,
Driving(232)_License.jpg,
Driving(237)_N.jpg,
Driving(243)_N.jpg,
Driving(245)_License.jpg,
Driving(247)_N.jpg,
Driving(250)_N.jpg,NE5363
Driving(252)_N.jpg,164168
Driving(254)_N.jpg,164168
Driving(255)_N.jpg,164168
Driving(267)_N.jpg,164168
Driving(268)_License.jpg,
Driving(274)_N.jpg,104
Driving(275)_N.jpg,104
Driving(279)_N.jpg,
Driving(286)_N.jpg,1-888-SHIP-GSO
Driving(290)_N.jpg,
Driving(292)_License.jpg,
Driving(296)_License.jpg,
Driving(297)_License.jpg,
Driving(297)_N.jpg,'061832’
Driving(298)_License.jpg,
Driving(299)_N.jpg,'061832’
Driving(303)_N.jpg,'061832’
Driving(304)_N.jpg,
Driving(305)_N.jpg,'061832’
Driving(306)_N.jpg,'061832’
Driving(307)_License.jpg,
Driving(310)_License.jpg,
Driving(315)_License.jpg,
Driving(316)_License.jpg,
Driving(316)_N.jpg,
Driving(324)_N.jpg,
Driving(325)_License.jpg,
Driving(329)_License.jpg,
Driving(333)_N.jpg,
Driving(339)_License.jpg,
IMG_8148_N.jpg,
IMG_9015_N.jpg,1232
IMG_9021_License.jpg,
IMG_9021_N.jpg,530B4
IMG_9028_License.jpg,
IMG_9028_N.jpg,1967
IMG_9030_N.jpg,1967
IMG_9034_N.jpg,
IMG_9035_License.jpg,
IMG_9035_N.jpg,
IMG_9036_License.jpg,PA98380
IMG_9036_N.jpg,
IMG_9160_License.jpg,432177Y
IMG_9162_N.jpg,
IMG_9163_N.jpg,
IMG_9164_N.jpg,329
IMG_9167_License.jpg,P660753
IMG_9167_N.jpg,
IMG_9170_License.jpg,285001
IMG_9171_License.jpg,008500T
IMG_9176_License.jpg,
IMG_9176_N.jpg,86813
IMG_9188_N.jpg,R6043
IMG_9189_License.jpg,
IMG_9190_N.jpg,53200
IMG_9191_N.jpg,U65722
IMG_9194_License.jpg,
IMG_9197_License.jpg,
IMG_9199_N.jpg,TR67
IMG_9200_N.jpg,537574
IMG_9210_N.jpg,SWFZ181498
IMG_9213_License.jpg,028848T
IMG_9213_N.jpg,
IMG_9222_License.jpg,
IMG_9222_N.jpg,520930
IMG_9223_N.jpg,520930
IMG_9226_N.jpg,800-660-9866
IMG_9228_License.jpg,3541KI
IMG_9230_License.jpg,
IMG_9232_License.jpg,28 40481
IMG_9233_N.jpg,
IMG_9234_N.jpg,537220
IMG_9238_N.jpg,488508
IMG_9285_License.jpg,
IMG_9285_N.jpg,
IMG_9286_N.jpg,U44220
IMG_9290_License.jpg,
IMG_9292_N.jpg,2088
IMG_9293_License.jpg,4JF9065
IMG_9294_License.jpg,
IMG_9297_N.jpg,
IMG_9298_License.jpg,P662976
IMG_9298_N.jpg,
IMG_9303_N.jpg,
IMG_9312_License.jpg,TH6384
IMG_9314_N.jpg,5389
IMG_9316_License.jpg,4HD9802
IMG_9316_N.jpg,5389
IMG_9317_License.jpg,4HD9802
IMG_9319_N.jpg,458353
MD(1)_N.jpg,92098
MD(15)_N.jpg,92098
MD(19)_License.jpg,
MD(20)_N.jpg,92098
MD(21)_N.jpg,92098
MD(25)_N.jpg,92098
MD(32)_License.jpg,L589496
MD(39)_License.jpg,L589496
MD(48)_N.jpg,101
MD(63)_N.jpg,
MD(69)_N.jpg,
MD(73)_N.jpg,
MD(77)_N.jpg,PRTZ088099
MD(81)_License.jpg,
MD(83)_License.jpg,
MD(83)_N.jpg,PRTZ088099
MD(84)_License.jpg,
MD(86)_N.jpg,PRTZ088099
MD(94)_N.jpg,PRTZ088099
MD(100)_License.jpg,
MD(102)_License.jpg,
MD(103)_N.jpg,PTLZD87966
MD(104)_N.jpg,PTLZD87966
MD(108)_N.jpg,PTLZD87966
MD(109)_License.jpg,
MD(110)_License.jpg,
MD(112)_License.jpg,P368345
MD(113)_License.jpg,P368345
MD(113)_N.jpg,821001
MD(114)_N.jpg,821001
MD(116)_N.jpg,821001
MD(117)_License.jpg,
MD(120)_License.jpg,
MD(121)_N.jpg,821001
MD(123)_N.jpg,821001
MD(126)_N.jpg,821001
MD(131)_License.jpg,
MD(142)_N.jpg,MBQZ 269706
MD(145)_N.jpg,MBQZ 269706
MD(146)_N.jpg,MBQZ 269706
newsnapshot_2021_11_04_09_36_53_License.jpg,U930116
security(2)_License.jpg,3178050
security(3)_License.jpg,3178050
security(4)_N.jpg,6073
security(7)_License.jpg,2297851
security(10)_License.jpg,P984236
security(11)_License.jpg,29603M
security(12)_N.jpg,200133
security(15)_N.jpg,
security(16)_License.jpg,8258KT
security(17)_License.jpg,2543632
security(20)_N.jpg,
security(23)_License.jpg,35350A1
security(23)_N.jpg,1.800.GOFedEx
security(24)_N.jpg,1.800.GOFedEx
security(25)_N.jpg,558421
security(26)_License.jpg,
security(27)_License.jpg,35350A1
security(30)_License.jpg,
security(32)_License.jpg,3164JY
security(33)_License.jpg,3164JY
security(34)_License.jpg,3070650
security(35)_License.jpg,2967364
security(36)_License.jpg,2967364
security(37)_N.jpg,
security(39)_License.jpg,9E78065
security(40)_N.jpg,
security(43)_N.jpg,
security(44)_License.jpg,U412437
security(45)_N.jpg,
security(46)_License.jpg,251075F
security(46)_N.jpg,
security(48)_License.jpg,251075F
security(50)_License.jpg,9E78065
security(52)_License.jpg,
security(53)_License.jpg,
security(56)_License.jpg,
security(59)_License.jpg,9G22892
security(60)_License.jpg,YA1U067
security(61)_N.jpg,
security(63)_License.jpg,VP94415
security(66)_License.jpg,9F30276
security(67)_License.jpg,XP77479
security(67)_N.jpg,
security(72)_License.jpg,222403A
security(75)_License.jpg,WP97854
security(77)_License.jpg,765246
security(77)_N.jpg,25826
security(79)_License.jpg,765246
security(80)_License.jpg,P1066842
security(83)_N.jpg,L7230
security(87)_License.jpg,3910766
security(87)_N.jpg,
security(88)_License.jpg,3910766
security(89)_License.jpg,3171735
security(91)_License.jpg,
security(91)_N.jpg,W12916
snapshot_2021_11_05_11_15_09_License.jpg,
snapshot_2021_11_05_11_15_51_N.jpg,22N
snapshot_2021_11_05_11_15_52_N.jpg,22N
snapshot_2021_11_05_11_19_04_N.jpg,208
snapshot_2021_11_05_11_19_07 (1)_License.jpg,XP21163
snapshot_2021_11_05_11_22_18_License.jpg,
snapshot_2021_11_05_11_22_18_N.jpg,CTLZ010153
snapshot_2021_11_05_11_23_08_License.jpg,4UB6190
snapshot_2021_11_05_11_23_09 (1)_N.jpg,CST 53V107
snapshot_2021_11_05_11_23_10_License.jpg,4UB6190
snapshot_2021_11_05_11_23_10_N.jpg,CST 53V107
snapshot_2021_11_05_11_27_21_License.jpg,89240A1
snapshot_2021_11_05_11_33_58_License.jpg,2286777
snapshot_2021_11_05_11_40_42_License.jpg,5JXK573
snapshot_2021_11_05_11_44_03_N.jpg,'02’
snapshot_2021_11_05_11_47_25_N.jpg,
snapshot_2021_11_05_11_47_26_License.jpg,XP38208
snapshot_2021_11_05_11_47_26_N.jpg,
snapshot_2021_11_05_12_04_00_License.jpg,4NW9044
snapshot_2021_11_05_12_33_08_License.jpg,
snapshot_2021_11_05_12_34_23_License.jpg,4RZ6184
snapshot_2021_11_05_12_37_02_N.jpg,2101
snapshot_2021_11_05_12_42_55_License.jpg,
snapshot_2021_11_05_12_55_52_N.jpg,979
snapshot_2021_11_05_12_55_53_License.jpg,XP50623
snapshot_2021_11_05_12_55_54_License.jpg,XP50623
snapshot_2021_11_05_12_58_27_License.jpg,3176888
snapshot_2021_11_05_12_58_28 (1)_License.jpg,3176888
snapshot_2021_11_05_12_59_39_License.jpg,2286777
snapshot_2021_11_05_13_02_26_License.jpg,4CSA952
snapshot_2021_11_05_13_02_40_License.jpg,BT55111
snapshot_2021_11_05_13_04_37 (1)_License.jpg,XP95332
snapshot_2021_11_05_13_05_36_License.jpg,8XVJ275
snapshot_2021_11_05_13_06_18_License.jpg,8FCC913
snapshot_2021_11_05_13_06_48_License.jpg,7PTV405
snapshot_2021_11_05_13_06_51_License.jpg,8HFM845
snapshot_2021_11_05_13_15_27_License.jpg,9E83739
snapshot_2021_11_05_13_15_29_License.jpg,9E83739
snapshot_2021_11_05_13_16_38_License.jpg,7PRP032
snapshot_2021_11_05_13_18_51_License.jpg,XP38124
snapshot_2021_11_05_13_19_43_License.jpg,6PJ2321
snapshot_2021_11_05_13_22_53_N.jpg,486330
snapshot_2021_11_05_13_22_54_License.jpg,L827538
snapshot_2021_11_05_13_23_05_N.jpg,U95668
snapshot_2021_11_05_13_31_04_N.jpg,PTLZ087959
snapshot_2021_11_05_13_31_06_N.jpg,PTLZ087959
snapshot_2021_11_05_13_33_14_License.jpg,7SLY379
snapshot_2021_11_05_13_34_07_License.jpg,7MXZ979
snapshot_2021_11_05_13_35_54_N.jpg,23
snapshot_2021_11_05_13_36_42_N.jpg,
snapshot_2021_11_05_13_47_33_License.jpg,2286777
snapshot_2021_11_05_13_47_35_License.jpg,2286777
snapshot_2021_11_05_13_54_06_License.jpg,11072L2
snapshot_2021_11_05_14_02_54_License.jpg,8ULF410
snapshot_2021_11_05_14_06_28_N.jpg,X13274
snapshot_2021_11_05_14_06_29_License.jpg,P954052
snapshot_2021_11_05_14_06_29_N.jpg,X13274
snapshot_2021_11_05_14_11_56_License.jpg,2138KI
snapshot_2021_11_05_14_11_57_N.jpg,
snapshot_2021_11_05_14_15_20_License.jpg,9G27365
snapshot_2021_11_05_14_15_21 (1)_License.jpg,9G27365
snapshot_2021_11_05_14_15_21_N.jpg,502
snapshot_2021_11_08_07_37_39_License.jpg,2494106
snapshot_2021_11_08_07_37_39_N.jpg,
snapshot_2021_11_08_07_39_07_License.jpg,
snapshot_2021_11_08_07_39_07_N.jpg,1
snapshot_2021_11_08_07_39_38_License.jpg,
snapshot_2021_11_08_07_39_38_N.jpg,
snapshot_2021_11_08_07_39_40_License.jpg,
snapshot_2021_11_08_07_39_40_N.jpg,
snapshot_2021_11_08_09_51_02_N.jpg,
snapshot_2021_11_08_09_53_26_License.jpg,2286777
snapshot_2021_11_08_09_57_49_N.jpg,
snapshot_2021_11_08_09_57_55_N.jpg,
snapshot_2021_11_08_09_57_56 (1)_License.jpg,P398575
snapshot_2021_11_08_10_06_33_N.jpg,
snapshot_2021_11_08_10_06_34_License.jpg,9F84869
snapshot_2021_11_08_10_06_34_N.jpg,
snapshot_2021_11_08_10_06_41_License.jpg,XP68747
snapshot_2021_11_08_10_06_41_N.jpg,1
snapshot_2021_11_08_10_06_44_License.jpg,XP68747
snapshot_2021_11_08_10_06_44_N.jpg,1
snapshot_2021_11_08_10_27_12_License.jpg,
snapshot_2021_11_08_10_27_13_License.jpg,2963772
snapshot_2021_11_08_10_27_14_N.jpg,
snapshot_2021_11_08_10_27_20_License.jpg,
snapshot_2021_11_08_10_27_22_License.jpg,XP40169
snapshot_2021_11_08_10_27_29_License.jpg,XP40169
snapshot_2021_11_08_10_28_34_License.jpg,
snapshot_2021_11_08_10_28_35_License.jpg,'9E91971’
snapshot_2021_11_08_10_28_37 (1)_License.jpg,'9E91971’
snapshot_2021_11_08_10_41_18_License.jpg,7ETF028
snapshot_2021_11_08_10_44_15_License.jpg,YP29872
snapshot_2021_11_08_11_18_55_License.jpg,7932LK
snapshot_2021_11_08_11_18_55_N.jpg,
snapshot_2021_11_08_11_18_58_License.jpg,7932LK
snapshot_2021_11_08_11_22_56_N.jpg,369098
snapshot_2021_11_08_11_22_57 (1)_License.jpg,
snapshot_2021_11_08_11_22_57_License.jpg,
snapshot_2021_11_08_11_22_58_N.jpg,27639
snapshot_2021_11_08_11_24_35_License.jpg,7TJS181
snapshot_2021_11_08_11_32_42_N.jpg,
snapshot_2021_11_08_11_32_43_License.jpg,BUYD527
snapshot_2021_11_08_11_36_18_N.jpg,
snapshot_2021_11_08_11_42_57_License.jpg,4TIG106
snapshot_2021_11_08_11_46_42_License.jpg,2717449
snapshot_2021_11_08_11_48_34_License.jpg,11072L2
snapshot_2021_11_08_11_48_54_License.jpg,11072L2
snapshot_2021_11_08_11_52_50_N.jpg,158965
snapshot_2021_11_08_11_52_53_License.jpg,P933099
snapshot_2021_11_08_11_52_55_License.jpg,P933099
snapshot_2021_11_08_11_52_55_N.jpg,158965
snapshot_2021_11_08_11_52_57_License.jpg,P933099
snapshot_2021_11_08_11_54_01_License.jpg,2743LG
snapshot_2021_11_08_11_54_01_N.jpg,PTLZ087966
snapshot_2021_11_08_11_54_03_License.jpg,2743LG
snapshot_2021_11_08_11_54_03_N.jpg,PTLZ087966
snapshot_2021_11_08_11_54_05_N.jpg,PTLZ087966
snapshot_2021_11_08_11_54_08_License.jpg,2743LG
snapshot_2021_11_08_11_54_08_N.jpg,PTLZ087966
snapshot_2021_11_08_11_56_37_License.jpg,
snapshot_2021_11_08_12_06_17_License.jpg,2287773
snapshot_2021_11_08_12_06_18_License.jpg,2287773
snapshot_2021_11_08_12_07_52_License.jpg,
snapshot_2021_11_08_12_07_52_N.jpg,
snapshot_2021_11_08_12_07_53_N.jpg,
snapshot_2021_11_08_12_07_55_N.jpg,
snapshot_2021_11_08_12_08_01_License.jpg,93027V2
snapshot_2021_11_08_12_08_15_License.jpg,BUYD577
snapshot_2021_11_08_12_22_19_License.jpg,
snapshot_2021_11_08_12_25_20_N.jpg,
snapshot_2021_11_08_12_26_19_License.jpg,
snapshot_2021_11_08_12_26_19_N.jpg,
snapshot_2021_11_08_12_26_20 (1)_N.jpg,
snapshot_2021_11_08_12_26_20_License.jpg,
snapshot_2021_11_08_12_27_55_License.jpg,
snapshot_2021_11_08_12_28_05_License.jpg,
snapshot_2021_11_08_12_28_09_License.jpg,
snapshot_2021_11_08_12_30_17_License.jpg,
snapshot_2021_11_08_12_39_20 (1)_License.jpg,
snapshot_2021_11_08_12_39_47_License.jpg,
snapshot_2021_11_08_12_40_38_License.jpg,
snapshot_2021_11_08_12_46_12_N.jpg,
snapshot_2021_11_08_12_57_11_License.jpg,
snapshot_2021_11_08_13_02_29_License.jpg,
snapshot_2021_11_08_13_12_47_License.jpg,
snapshot_2021_11_08_13_12_48_License.jpg,
snapshot_2021_11_08_13_17_09_N.jpg,
snapshot_2021_11_08_13_19_08_License.jpg,
snapshot_2021_11_08_13_20_22_License.jpg,
snapshot_2021_11_08_13_20_23 (1)_License.jpg,
snapshot_2021_11_08_13_20_23_N.jpg,
snapshot_2021_11_08_13_26_17_License.jpg,
snapshot_2021_11_08_13_26_18_N.jpg,
snapshot_2021_11_08_13_26_23 (1)_License.jpg,
snapshot_2021_11_08_13_26_23_N.jpg,
snapshot_2021_11_08_13_26_24_License.jpg,
snapshot_2021_11_08_13_26_24_N.jpg,
snapshot_2021_11_08_13_32_34_License.jpg,
snapshot_2021_11_08_13_32_36_License.jpg,
snapshot_2021_11_08_13_36_12_License.jpg,
snapshot_2021_11_08_13_36_12_N.jpg,
snapshot_2021_11_08_13_36_14_License.jpg,
snapshot_2021_11_08_15_16_03_License.jpg,
snapshot_2021_11_08_15_16_03_N.jpg,
snapshot_2021_11_08_15_27_56_License.jpg,
snapshot_2021_11_08_15_27_56_N.jpg,
snapshot_2021_11_08_15_27_59_License.jpg,
snapshot_2021_11_08_15_36_07_License.jpg,
snapshot_2021_11_08_15_36_07_N.jpg,
snapshot_2021_11_08_15_38_21 (1)_License.jpg,
snapshot_2021_11_08_15_38_23_License.jpg,
snapshot_2021_11_08_15_40_41_License.jpg,
snapshot_2021_11_08_15_40_41_N.jpg,
snapshot_2021_11_08_15_40_42_License.jpg,
snapshot_2021_11_08_15_40_43 (1)_License.jpg,
snapshot_2021_11_08_15_40_43_License.jpg,
snapshot_2021_11_08_15_40_43_N.jpg,
snapshot_2021_11_08_15_44_39_License.jpg,
snapshot_2021_11_08_15_44_39_N.jpg,
snapshot_2021_11_08_15_44_40_License.jpg,
snapshot_2021_11_08_15_46_10_License.jpg,
snapshot_2021_11_08_15_50_04 (1)_N.jpg,
snapshot_2021_11_08_15_50_04_License.jpg,
snapshot_2021_11_08_15_50_04_N.jpg,
snapshot_2021_11_08_15_50_05_N.jpg,
snapshot_2021_11_08_16_01_59 (1)_N.jpg,
snapshot_2021_11_08_16_01_59_License.jpg,
snapshot_2021_11_08_16_02_00_License.jpg,
snapshot_2021_11_08_16_05_44_License.jpg,
snapshot_2021_11_08_16_05_44_N.jpg,
snapshot_2021_11_08_16_05_45 (1)_N.jpg,
snapshot_2021_11_08_16_05_45_License.jpg,
snapshot_2021_11_08_16_05_45_N.jpg,
snapshot_2021_11_08_16_19_11_License.jpg,
snapshot_2021_11_08_16_19_13_License.jpg,
snapshot_2021_11_08_16_24_14_License.jpg,
snapshot_2021_11_08_16_24_14_N.jpg,
snapshot_2021_11_08_16_33_52 (1)_N.jpg,
snapshot_2021_11_08_16_33_52_License.jpg,
snapshot_2021_11_08_16_33_52_N.jpg,
snapshot_2021_11_08_16_45_50_License.jpg,
snapshot_2021_11_08_16_45_51_N.jpg,
snapshot_2021_11_08_16_54_07_License.jpg,
snapshot_2021_11_08_16_58_28_License.jpg,
snapshot_2021_11_12_11_36_35 (1)_N.jpg,
snapshot_2021_11_12_11_38_19_N.jpg,
snapshot_2021_11_12_11_41_51_License.jpg,
snapshot_2021_11_12_11_41_51_N.jpg,
snapshot_2021_11_12_11_41_52_License.jpg,
snapshot_2021_11_12_11_41_52_N.jpg,
snapshot_2021_11_12_11_42_53 (1)_License.jpg,
snapshot_2021_11_12_11_42_53_N.jpg,
snapshot_2021_11_12_11_45_28_N.jpg,
snapshot_2021_11_12_11_50_15_N.jpg,
snapshot_2021_11_12_11_51_17_N.jpg,
snapshot_2021_11_12_12_02_52_License.jpg,
snapshot_2021_11_12_12_02_53_License.jpg,
snapshot_2021_11_12_12_03_07_License.jpg,
snapshot_2021_11_12_12_07_10_N.jpg,
snapshot_2021_11_12_12_07_11_License.jpg,
snapshot_2021_11_12_12_13_11_N.jpg,
snapshot_2021_11_12_12_13_26_License.jpg,
snapshot_2021_11_12_12_13_26_N.jpg,
snapshot_2021_11_12_12_13_29_N.jpg,
snapshot_2021_11_12_12_13_31_N.jpg,
snapshot_2021_11_12_12_13_33_N.jpg,
snapshot_2021_11_12_12_16_54_N.jpg,
snapshot_2021_11_12_12_16_55_N.jpg,
snapshot_2021_11_12_12_16_56_License.jpg,
snapshot_2021_11_12_12_16_56_N.jpg,
snapshot_2021_11_12_12_18_38_License.jpg,
snapshot_2021_11_12_12_32_19_License.jpg,
snapshot_2021_11_12_12_44_09_N.jpg,
snapshot_2021_11_12_12_54_25_N.jpg,
snapshot_2021_11_12_12_54_27_License.jpg,
snapshot_2021_11_12_12_55_00_License.jpg,
snapshot_2021_11_12_13_02_31_N.jpg,
snapshot_2021_11_12_13_02_32_License.jpg,
snapshot_2021_11_12_13_06_25_License.jpg,
snapshot_2021_11_12_13_10_51_N.jpg,
snapshot_2021_11_12_13_10_53_N.jpg,
snapshot_2021_11_12_13_19_46_License.jpg,
snapshot_2021_11_12_13_24_53_License.jpg,
snapshot_2021_11_12_13_24_55_N.jpg,
snapshot_2021_11_12_13_30_38_N.jpg,
snapshot_2021_11_12_16_00_49_License.jpg,
snapshot_2021_11_12_16_02_16_N.jpg,
snapshot_2021_11_12_16_02_58_N.jpg,
snapshot_2021_11_12_17_46_20_License.jpg,
snapshot_2022_02_25_10_46_29_License.jpg,
snapshot_2022_02_25_10_46_34_N.jpg,
snapshot_2022_02_25_10_49_35_N.jpg,
snapshot_2022_02_25_10_49_36_License.jpg,
snapshot_2022_02_25_10_49_36_N.jpg,
snapshot_2022_02_25_10_49_52_N.jpg,
snapshot_2022_02_25_10_57_11_License.jpg,
snapshot_2022_02_25_10_57_13_N.jpg,
snapshot_2022_02_25_11_02_28_License.jpg,
snapshot_2022_02_25_11_02_28_N.jpg,
snapshot_2022_02_25_11_11_59_License.jpg,
snapshot_2022_02_25_11_12_00_N.jpg,
snapshot_2022_02_25_11_12_46_License.jpg,
snapshot_2022_02_25_11_18_51_License.jpg,
snapshot_2022_02_25_11_25_40_License.jpg,
snapshot_2022_02_25_11_31_28_License.jpg,
snapshot_2022_02_25_11_36_05_License.jpg,
snapshot_2022_02_25_11_50_02 (1)_License.jpg,
snapshot_2022_02_25_11_50_02 (1)_N.jpg,
snapshot_2022_02_25_11_50_02_License.jpg,
snapshot_2022_02_25_11_50_11 (1)_N.jpg,
snapshot_2022_02_25_11_50_11_License.jpg,
snapshot_2022_02_25_11_50_11_N.jpg,
snapshot_2022_02_25_11_50_12_License.jpg,
snapshot_2022_02_25_12_18_28_License.jpg,
snapshot_2022_02_25_12_43_04_License.jpg,
snapshot_2022_02_25_12_53_39_License.jpg,
snapshot_2022_02_25_12_54_12_License.jpg,
snapshot_2022_02_25_12_54_14_License.jpg,
snapshot_2022_02_25_12_54_16_License.jpg,
snapshot_2022_02_25_13_00_44_License.jpg,
snapshot_2022_02_25_13_00_44_N.jpg,
snapshot_2022_02_25_13_02_52_N.jpg,
snapshot_2022_02_25_13_02_53_License.jpg,
snapshot_2022_02_25_13_08_21 (1)_License.jpg,
snapshot_2022_02_25_13_08_21_N.jpg,
snapshot_2022_02_25_13_11_46_License.jpg,
snapshot_2022_02_25_13_29_08_License.jpg,
snapshot_2022_02_25_13_29_08_N.jpg,
snapshot_2022_02_25_13_50_28_License.jpg,
snapshot_2022_02_25_13_50_28_N.jpg,
snapshot_2022_02_25_13_50_31_N.jpg,
snapshot_2022_02_25_13_51_58_License.jpg,
snapshot_2022_02_25_13_51_58_N.jpg,
snapshot_2022_02_25_13_53_38_License.jpg,
snapshot_2022_02_25_13_53_39_N.jpg,
snapshot_2022_02_25_14_04_58_N.jpg,
snapshot_2022_02_25_14_44_29_License.jpg,
snapshot_2022_02_25_14_45_37_License.jpg,
snapshot_2022_02_25_14_45_37_N.jpg,
snapshot_2022_02_25_14_48_54_License.jpg,
snapshot_2022_02_25_14_49_41_License.jpg,
snapshot_2022_02_25_15_08_28_License.jpg,
snapshot_2022_02_25_15_08_28_N.jpg,
snapshot_2022_02_25_15_15_33_N.jpg,
snapshot_2022_02_25_15_24_37_License.jpg,
snapshot_2022_02_25_16_11_08_License.jpg,
snapshot_2022_02_25_16_11_17_License.jpg,
snapshot_2022_02_28_11_42_58_License.jpg,
snapshot_2022_02_28_11_43_09_License.jpg,
snapshot_2022_02_28_11_46_47_License.jpg,
snapshot_2022_02_28_11_51_40_License.jpg,
snapshot_2022_02_28_11_51_41_License.jpg,
snapshot_2022_02_28_11_57_51_License.jpg,
snapshot_2022_02_28_11_58_31_License.jpg,
snapshot_2022_02_28_11_59_40_License.jpg,
snapshot_2022_02_28_12_02_17_License.jpg,
snapshot_2022_02_28_12_14_12_N.jpg,
snapshot_2022_02_28_12_30_44_License.jpg,
snapshot_2022_02_28_12_31_10_N.jpg,
snapshot_2022_02_28_12_39_33_N.jpg,
snapshot_2022_02_28_12_44_56_License.jpg,
snapshot_2022_02_28_12_44_57_N.jpg,
snapshot_2022_02_28_12_49_11_N.jpg,
snapshot_2022_02_28_12_51_32_License.jpg,
snapshot_2022_02_28_12_57_20_License.jpg,
snapshot_2022_02_28_13_02_20_License.jpg,
snapshot_2022_02_28_13_12_34_License.jpg,
snapshot_2022_02_28_13_15_03_License.jpg,
snapshot_2022_02_28_13_59_59_License.jpg,
snapshot_2022_02_28_14_04_30_License.jpg,
snapshot_2022_02_28_14_04_31_N.jpg,
snapshot_2022_02_28_14_09_44_License.jpg,
snapshot_2022_02_28_14_09_44_N.jpg,
snapshot_2022_02_28_14_20_59_License.jpg,
snapshot_2022_02_28_14_34_25 (1)_License.jpg,
snapshot_2022_02_28_14_41_28_License.jpg,
snapshot_2022_02_28_14_43_00_License.jpg,
snapshot_2022_02_28_14_43_32_License.jpg,
snapshot_2022_02_28_14_43_57_License.jpg,
snapshot_2022_02_28_14_44_18_License.jpg,
snapshot_2022_02_28_14_46_58_License.jpg,
snapshot_2022_02_28_14_49_18_License.jpg,
snapshot_2022_02_28_14_50_03_N.jpg,
snapshot_2022_02_28_14_51_05_License.jpg,
snapshot_2022_02_28_14_55_29_License.jpg,
snapshot_2022_02_28_14_55_29_N.jpg,
snapshot_2022_02_28_15_00_44_License.jpg,
snapshot_2022_02_28_15_18_45_License.jpg,
snapshot_2022_02_28_15_31_10_N.jpg,
snapshot_2022_02_28_15_32_06_License.jpg,
snapshot_2022_02_28_15_32_11_N.jpg,
snapshot_2022_02_28_15_32_32_License.jpg,
snapshot_2022_02_28_15_32_52_License.jpg,
snapshot_2022_02_28_15_32_53_N.jpg,
snapshot_2022_02_28_16_37_38_License.jpg,
snapshot_2022_03_01_07_01_46_License.jpg,
snapshot_2022_03_01_07_02_31_N.jpg,
snapshot_2022_03_01_07_03_02_N.jpg,
snapshot_2022_03_01_07_07_40_License.jpg,
snapshot_2022_03_01_10_01_27_N.jpg,
snapshot_2022_03_01_10_04_01_License.jpg,
snapshot_2022_03_01_10_04_01_N.jpg,
snapshot_2022_03_01_10_08_20_License.jpg,
snapshot_2022_03_01_10_08_25_License.jpg,
snapshot_2022_03_01_10_08_30_License.jpg,
snapshot_2022_03_01_10_08_32_N.jpg,
snapshot_2022_03_01_10_20_15_License.jpg,
snapshot_2022_03_01_10_20_15_N.jpg,
snapshot_2022_03_01_10_23_59_License.jpg,
snapshot_2022_03_01_10_24_01_License.jpg,
snapshot_2022_03_01_10_24_01_N.jpg,
snapshot_2022_03_01_10_32_32_N.jpg,
snapshot_2022_03_01_10_32_33_License.jpg,
snapshot_2022_03_01_10_37_10_N.jpg,
snapshot_2022_03_01_10_37_11_License.jpg,
snapshot_2022_03_01_10_37_11_N.jpg,
snapshot_2022_03_01_10_37_12_License.jpg,
snapshot_2022_03_01_10_59_37 (1)_N.jpg,
snapshot_2022_03_01_11_02_31_License.jpg,
snapshot_2022_03_01_11_02_31_N.jpg,
snapshot_2022_03_01_11_25_03_License.jpg,
snapshot_2022_03_01_11_32_46_License.jpg,
snapshot_2022_03_01_11_38_53_License.jpg,
snapshot_2022_03_01_11_54_41_License.jpg,
vlcsnap-2021-10-15-16h11m55s099_License.jpg,
vlcsnap-2021-10-15-16h11m58s269_N.jpg,
vlcsnap-2021-10-15-16h11m59s367_License.jpg,
vlcsnap-2021-10-15-16h12m00s138_N.jpg,
vlcsnap-2021-10-15-16h12m17s593_N.jpg,
vlcsnap-2021-10-15-16h12m17s867_N.jpg,
vlcsnap-2021-10-15-16h12m30s397_N.jpg,
vlcsnap-2021-10-15-16h12m52s263_N.jpg,
vlcsnap-2021-10-15-16h12m53s164_N.jpg,
vlcsnap-2021-10-15-16h13m02s676_N.jpg,
vlcsnap-2021-10-15-16h13m11s659_License.jpg,
vlcsnap-2021-10-15-16h13m18s308_N.jpg,
vlcsnap-2021-10-15-16h13m19s967_N.jpg,
vlcsnap-2021-10-15-16h13m26s639_License.jpg,
vlcsnap-2021-10-15-16h13m26s639_N.jpg,
vlcsnap-2021-10-15-16h13m28s139_License.jpg,
vlcsnap-2021-10-15-16h13m28s139_N.jpg,
vlcsnap-2021-10-15-16h13m29s716_License.jpg,
vlcsnap-2021-10-15-16h13m38s522_License.jpg,
vlcsnap-2021-10-15-16h13m41s488_N.jpg,
vlcsnap-2021-10-15-16h13m44s327_N.jpg,
vlcsnap-2021-10-15-16h13m50s467_N.jpg,
vlcsnap-2021-10-15-16h13m51s701_License.jpg,
vlcsnap-2021-10-15-16h13m53s242_License.jpg,
vlcsnap-2021-10-15-16h13m55s271_License.jpg,
vlcsnap-2021-10-15-16h13m55s271_N.jpg,
vlcsnap-2021-10-15-16h13m59s105_N.jpg,
vlcsnap-2021-10-15-16h14m27s886_N.jpg,
vlcsnap-2021-10-15-16h14m28s481_N.jpg,
vlcsnap-2021-10-15-16h14m29s782_License.jpg,
vlcsnap-2021-10-15-16h14m30s588_N.jpg,
vlcsnap-2021-10-15-16h14m40s168_N.jpg,
vlcsnap-2021-10-15-16h14m43s567_N.jpg,
vlcsnap-2021-10-15-16h14m44s332_N.jpg,
vlcsnap-2021-10-15-16h14m50s726_N.jpg,
vlcsnap-2021-10-15-16h14m51s263_N.jpg,
vlcsnap-2021-10-15-16h14m57s925_License.jpg,
vlcsnap-2021-10-15-16h14m58s200_N.jpg,
vlcsnap-2021-10-15-16h14m58s666_N.jpg,
vlcsnap-2021-10-15-16h14m59s868_N.jpg,
vlcsnap-2021-10-15-16h15m00s532_License.jpg,
vlcsnap-2021-10-15-16h15m01s502_License.jpg,
