images,names
24hour1(11)_N.jpg,CATZ190267
24hour1(12)_N.jpg,CATZ190267
24hour1(13)_N.jpg,CATZ190267
catest01-0-16112021-1742-15-MelissaDoug_N.jpg,PTLZD87959
Driving(1)_N.jpg,02884MSM
Driving(10)_N.jpg,HT2146
Driving(13)_N.jpg,SHT2140
Driving(44)_N.jpg,SWFZ182761
Driving(54)_N.jpg,595518
Driving(74)_N.jpg,800 543 5589
Driving(89)_N.jpg,139160
Driving(124)_N.jpg,53246
Driving(139)_N.jpg,53258
Driving(162)_N.jpg,SWRU 944 455
Driving(164)_N.jpg,SWRU 944 455
Driving(177)_N.jpg,877 221 3213
Driving(185)_N.jpg,877 221 3213
Driving(188)_N.jpg,289474
Driving(189)_N.jpg,289474
Driving(190)_N.jpg,T196
Driving(191)_N.jpg,T196
Driving(194)_N.jpg,T196
Driving(201)_N.jpg,877 PRIME JOB
Driving(202)_License.jpg,08B 649
Driving(203)_N.jpg,877 PRIME JOB
Driving(204)_N.jpg,877 PRIME JOB
Driving(205)_License.jpg,08B 649
Driving(206)_License.jpg,08B 649
Driving(208)_N.jpg,215373
Driving(209)_N.jpg,877 PRIME JOB
Driving(214)_N.jpg,215373
Driving(220)_N.jpg,215373
Driving(224)_N.jpg,215373
Driving(250)_N.jpg,NE5363
Driving(252)_N.jpg,164168
Driving(254)_N.jpg,164168
Driving(255)_N.jpg,164168
Driving(267)_N.jpg,164168
Driving(274)_N.jpg,104
Driving(275)_N.jpg,104
Driving(286)_N.jpg,1 888 SHIP GSO
Driving(297)_N.jpg,61832
Driving(299)_N.jpg,61832
Driving(303)_N.jpg,61832
Driving(305)_N.jpg,61832
Driving(306)_N.jpg,61832
IMG_9015_N.jpg,1232
IMG_9021_N.jpg,530B4
IMG_9028_N.jpg,1967
IMG_9030_N.jpg,1967
IMG_9036_License.jpg,PA98380
IMG_9160_License.jpg,432177Y
IMG_9164_N.jpg,329
IMG_9167_License.jpg,P660753
IMG_9170_License.jpg,285001
IMG_9171_License.jpg,008500T
IMG_9176_N.jpg,86813
IMG_9188_N.jpg,R6043
IMG_9190_N.jpg,53200
IMG_9191_N.jpg,U65722
IMG_9199_N.jpg,TR67
IMG_9200_N.jpg,537574
IMG_9210_N.jpg,SWFZ181498
IMG_9213_License.jpg,028848T
IMG_9222_N.jpg,520930
IMG_9223_N.jpg,520930
IMG_9226_N.jpg,800 660 9866
IMG_9228_License.jpg,3541KI
IMG_9232_License.jpg,28 40481
IMG_9234_N.jpg,537220
IMG_9238_N.jpg,488508
IMG_9286_N.jpg,U44220
IMG_9292_N.jpg,2088
IMG_9293_License.jpg,4JF9065
IMG_9298_License.jpg,P662976
IMG_9312_License.jpg,TH6384
IMG_9314_N.jpg,5389
IMG_9316_License.jpg,4HD9802
IMG_9316_N.jpg,5389
IMG_9317_License.jpg,4HD9802
IMG_9319_N.jpg,458353
MD(1)_N.jpg,92098
MD(15)_N.jpg,92098
MD(20)_N.jpg,92098
MD(21)_N.jpg,92098
MD(25)_N.jpg,92098
MD(32)_License.jpg,L589496
MD(39)_License.jpg,L589496
MD(48)_N.jpg,101
MD(77)_N.jpg,PRTZ088099
MD(83)_N.jpg,PRTZ088099
MD(86)_N.jpg,PRTZ088099
MD(94)_N.jpg,PRTZ088099
MD(103)_N.jpg,PTLZD87966
MD(104)_N.jpg,PTLZD87966
MD(108)_N.jpg,PTLZD87966
MD(112)_License.jpg,P368345
MD(113)_License.jpg,P368345
MD(113)_N.jpg,821001
MD(114)_N.jpg,821001
MD(116)_N.jpg,821001
MD(121)_N.jpg,821001
MD(123)_N.jpg,821001
MD(126)_N.jpg,821001
MD(142)_N.jpg,MBQZ 269706
MD(145)_N.jpg,MBQZ 269706
MD(146)_N.jpg,MBQZ 269706
newsnapshot_2021_11_04_09_36_53_License.jpg,U930116
security(2)_License.jpg,3178050
security(3)_License.jpg,3178050
security(4)_N.jpg,6073
security(7)_License.jpg,2297851
security(10)_License.jpg,P984236
security(11)_License.jpg,29603M
security(12)_N.jpg,200133
security(16)_License.jpg,8258KT
security(17)_License.jpg,2543632
security(23)_License.jpg,35350A1
security(23)_N.jpg,1 800 GOFedEx
security(24)_N.jpg,1 800 GOFedEx
security(25)_N.jpg,558421
security(27)_License.jpg,35350A1
security(32)_License.jpg,3164JY
security(33)_License.jpg,3164JY
security(34)_License.jpg,3070650
security(35)_License.jpg,2967364
security(36)_License.jpg,2967364
security(39)_License.jpg,9E78065
security(44)_License.jpg,U412437
security(46)_License.jpg,251075F
security(48)_License.jpg,251075F
security(50)_License.jpg,9E78065
security(59)_License.jpg,9G22892
security(60)_License.jpg,YA1U067
security(63)_License.jpg,VP94415
security(66)_License.jpg,9F30276
security(67)_License.jpg,XP77479
security(72)_License.jpg,222403A
security(75)_License.jpg,WP97854
security(77)_License.jpg,765246
security(77)_N.jpg,25826
security(79)_License.jpg,765246
security(80)_License.jpg,P1066842
security(83)_N.jpg,L7230
security(87)_License.jpg,3910766
security(88)_License.jpg,3910766
security(89)_License.jpg,3171735
security(91)_N.jpg,W12916
snapshot_2021_11_05_11_15_51_N.jpg,22N
snapshot_2021_11_05_11_15_52_N.jpg,22N
snapshot_2021_11_05_11_19_04_N.jpg,208
snapshot_2021_11_05_11_19_07 (1)_License.jpg,XP21163
snapshot_2021_11_05_11_22_18_N.jpg,CTLZ010153
snapshot_2021_11_05_11_23_08_License.jpg,4UB6190
snapshot_2021_11_05_11_23_09 (1)_N.jpg,CST 53V107
snapshot_2021_11_05_11_23_10_License.jpg,4UB6190
snapshot_2021_11_05_11_23_10_N.jpg,CST 53V107
snapshot_2021_11_05_11_27_21_License.jpg,89240A1
snapshot_2021_11_05_11_33_58_License.jpg,2286777
snapshot_2021_11_05_11_40_42_License.jpg,5JXK573
snapshot_2021_11_05_11_44_03_N.jpg,'02’
snapshot_2021_11_05_11_47_26_License.jpg,XP38208
snapshot_2021_11_05_12_04_00_License.jpg,4NW9044
snapshot_2021_11_05_12_34_23_License.jpg,4RZ6184
snapshot_2021_11_05_12_37_02_N.jpg,2101
snapshot_2021_11_05_12_55_52_N.jpg,979
snapshot_2021_11_05_12_55_53_License.jpg,XP50623
snapshot_2021_11_05_12_55_54_License.jpg,XP50623
snapshot_2021_11_05_12_58_27_License.jpg,3176888
snapshot_2021_11_05_12_58_28 (1)_License.jpg,3176888
snapshot_2021_11_05_12_59_39_License.jpg,2286777
snapshot_2021_11_05_13_02_26_License.jpg,4CSA952
snapshot_2021_11_05_13_02_40_License.jpg,BT55111
snapshot_2021_11_05_13_04_37 (1)_License.jpg,XP95332
snapshot_2021_11_05_13_05_36_License.jpg,8XVJ275
snapshot_2021_11_05_13_06_18_License.jpg,8FCC913
snapshot_2021_11_05_13_06_48_License.jpg,7PTV405
snapshot_2021_11_05_13_06_51_License.jpg,8HFM845
snapshot_2021_11_05_13_15_27_License.jpg,9E83739
snapshot_2021_11_05_13_15_29_License.jpg,9E83739
snapshot_2021_11_05_13_16_38_License.jpg,7PRP032
snapshot_2021_11_05_13_18_51_License.jpg,XP38124
snapshot_2021_11_05_13_19_43_License.jpg,6PJ2321
snapshot_2021_11_05_13_22_53_N.jpg,486330
snapshot_2021_11_05_13_22_54_License.jpg,L827538
snapshot_2021_11_05_13_23_05_N.jpg,U95668
snapshot_2021_11_05_13_31_04_N.jpg,PTLZ087959
snapshot_2021_11_05_13_31_06_N.jpg,PTLZ087959
snapshot_2021_11_05_13_33_14_License.jpg,7SLY379
snapshot_2021_11_05_13_34_07_License.jpg,7MXZ979
snapshot_2021_11_05_13_35_54_N.jpg,23
snapshot_2021_11_05_13_47_33_License.jpg,2286777
snapshot_2021_11_05_13_47_35_License.jpg,2286777
snapshot_2021_11_05_13_54_06_License.jpg,11072L2
snapshot_2021_11_05_14_02_54_License.jpg,8ULF410
snapshot_2021_11_05_14_06_28_N.jpg,X13274
snapshot_2021_11_05_14_06_29_License.jpg,P954052
snapshot_2021_11_05_14_06_29_N.jpg,X13274
snapshot_2021_11_05_14_11_56_License.jpg,2138KI
snapshot_2021_11_05_14_15_20_License.jpg,9G27365
snapshot_2021_11_05_14_15_21 (1)_License.jpg,9G27365
snapshot_2021_11_05_14_15_21_N.jpg,502
snapshot_2021_11_08_07_37_39_License.jpg,2494106
snapshot_2021_11_08_07_39_07_N.jpg,'001’
snapshot_2021_11_08_09_53_26_License.jpg,2286777
snapshot_2021_11_08_09_57_56 (1)_License.jpg,P398575
snapshot_2021_11_08_10_06_34_License.jpg,9F84869
snapshot_2021_11_08_10_06_41_License.jpg,XP68747
snapshot_2021_11_08_10_06_41_N.jpg,'01’
snapshot_2021_11_08_10_06_44_License.jpg,XP68747
snapshot_2021_11_08_10_06_44_N.jpg,'01’
snapshot_2021_11_08_10_27_13_License.jpg,2963772
snapshot_2021_11_08_10_27_22_License.jpg,XP40169
snapshot_2021_11_08_10_27_29_License.jpg,XP40169
snapshot_2021_11_08_10_28_35_License.jpg,9E91971
snapshot_2021_11_08_10_28_37 (1)_License.jpg,9E91971
snapshot_2021_11_08_10_41_18_License.jpg,7ETF028
snapshot_2021_11_08_10_44_15_License.jpg,YP29872
snapshot_2021_11_08_11_18_55_License.jpg,7932LK
snapshot_2021_11_08_11_18_58_License.jpg,7932LK
snapshot_2021_11_08_11_22_56_N.jpg,369098
snapshot_2021_11_08_11_22_58_N.jpg,27639
snapshot_2021_11_08_11_24_35_License.jpg,7TJS181
snapshot_2021_11_08_11_32_43_License.jpg,BUYD527
snapshot_2021_11_08_11_42_57_License.jpg,4TIG106
snapshot_2021_11_08_11_46_42_License.jpg,2717449
snapshot_2021_11_08_11_48_34_License.jpg,11072L2
snapshot_2021_11_08_11_48_54_License.jpg,11072L2
snapshot_2021_11_08_11_52_50_N.jpg,158965
snapshot_2021_11_08_11_52_53_License.jpg,P933099
snapshot_2021_11_08_11_52_55_License.jpg,P933099
snapshot_2021_11_08_11_52_55_N.jpg,158965
snapshot_2021_11_08_11_52_57_License.jpg,P933099
snapshot_2021_11_08_11_54_01_License.jpg,2743LG
snapshot_2021_11_08_11_54_01_N.jpg,PTLZ087966
snapshot_2021_11_08_11_54_03_License.jpg,2743LG
snapshot_2021_11_08_11_54_03_N.jpg,PTLZ087966
snapshot_2021_11_08_11_54_05_N.jpg,PTLZ087966
snapshot_2021_11_08_11_54_08_License.jpg,2743LG
snapshot_2021_11_08_11_54_08_N.jpg,PTLZ087966
snapshot_2021_11_08_12_06_17_License.jpg,2287773
snapshot_2021_11_08_12_06_18_License.jpg,2287773
snapshot_2021_11_08_12_08_01_License.jpg,93027V2
snapshot_2021_11_08_12_08_15_License.jpg,8UYD577
snapshot_2021_11_08_12_22_19_License.jpg,'9E83474’
snapshot_2021_11_08_12_26_19_N.jpg,W39303
snapshot_2021_11_08_12_26_20 (1)_N.jpg,W39303
snapshot_2021_11_08_12_28_05_License.jpg,57327K2
snapshot_2021_11_08_12_28_09_License.jpg,57327K2
snapshot_2021_11_08_12_30_17_License.jpg,P951001
snapshot_2021_11_08_12_39_20 (1)_License.jpg,9G14040
snapshot_2021_11_08_12_46_12_N.jpg,PRTZ087758
snapshot_2021_11_08_12_57_11_License.jpg,14877N2
snapshot_2021_11_08_13_02_29_License.jpg,9F57597
snapshot_2021_11_08_13_12_47_License.jpg,3107892
snapshot_2021_11_08_13_12_48_License.jpg,3107892
snapshot_2021_11_08_13_19_08_License.jpg,14877N2
snapshot_2021_11_08_13_20_22_License.jpg,AV 4243
snapshot_2021_11_08_13_20_23 (1)_License.jpg,AV 4243
snapshot_2021_11_08_13_20_23_N.jpg,P5140003
snapshot_2021_11_08_13_26_17_License.jpg,TL8631
snapshot_2021_11_08_13_26_18_N.jpg,209 607 3300
snapshot_2021_11_08_13_26_23_N.jpg,P5190115
snapshot_2021_11_08_13_26_24_N.jpg,P5190115
snapshot_2021_11_08_13_32_34_License.jpg,XP92788
snapshot_2021_11_08_13_32_36_License.jpg,XP92788
snapshot_2021_11_08_13_36_12_License.jpg,4SG7617
snapshot_2021_11_08_13_36_12_N.jpg,218
snapshot_2021_11_08_15_27_56_License.jpg,P931070
snapshot_2021_11_08_15_27_56_N.jpg,231448
snapshot_2021_11_08_15_36_07_N.jpg,2200102
snapshot_2021_11_08_15_38_21 (1)_License.jpg,YP25553
snapshot_2021_11_08_15_38_23_License.jpg,YP25553
snapshot_2021_11_08_15_40_41_N.jpg,EJGZ 102189
snapshot_2021_11_08_15_40_43_N.jpg,EJGZ 102189
snapshot_2021_11_08_15_44_39_License.jpg,2333753
snapshot_2021_11_08_15_44_40_License.jpg,2333753
snapshot_2021_11_08_15_46_10_License.jpg,9D69309
snapshot_2021_11_08_15_50_04 (1)_N.jpg,210
snapshot_2021_11_08_15_50_04_License.jpg,XP76784
snapshot_2021_11_08_15_50_04_N.jpg,210
snapshot_2021_11_08_15_50_05_N.jpg,210
snapshot_2021_11_08_16_01_59 (1)_N.jpg,841731
snapshot_2021_11_08_16_01_59_License.jpg,9F67461
snapshot_2021_11_08_16_02_00_License.jpg,9F67461
snapshot_2021_11_08_16_05_45_License.jpg,U463809
snapshot_2021_11_08_16_19_13_License.jpg,26147R2
snapshot_2021_11_08_16_33_52_N.jpg,1 800 GOFedEx
snapshot_2021_11_12_11_36_35 (1)_N.jpg,'003’
snapshot_2021_11_12_11_38_19_N.jpg,209
snapshot_2021_11_12_11_41_51_License.jpg,1WS8193
snapshot_2021_11_12_11_41_52_License.jpg,1WS8193
snapshot_2021_11_12_11_42_53 (1)_License.jpg,WP02316
snapshot_2021_11_12_11_42_53_N.jpg,537476
snapshot_2021_11_12_11_45_28_N.jpg,1 800 GOFedEx
snapshot_2021_11_12_11_50_15_N.jpg,P5190353
snapshot_2021_11_12_12_02_52_License.jpg,WP32060
snapshot_2021_11_12_12_02_53_License.jpg,WP32060
snapshot_2021_11_12_12_03_07_License.jpg,9F13926
snapshot_2021_11_12_12_07_10_N.jpg,P5190353
snapshot_2021_11_12_12_07_11_License.jpg,9G21034
snapshot_2021_11_12_12_13_26_License.jpg,9F81343
snapshot_2021_11_12_12_16_56_License.jpg,P1096817
snapshot_2021_11_12_12_16_56_N.jpg,153
snapshot_2021_11_12_12_32_19_License.jpg,40323
snapshot_2021_11_12_12_44_09_N.jpg,571033
snapshot_2021_11_12_12_55_00_License.jpg,XP76797
snapshot_2021_11_12_13_02_31_N.jpg,76503
snapshot_2021_11_12_13_02_32_License.jpg,WP05809
snapshot_2021_11_12_13_10_53_N.jpg,531119
snapshot_2021_11_12_13_19_46_License.jpg,P1117518
snapshot_2021_11_12_13_24_53_License.jpg,9F91370
snapshot_2021_11_12_13_24_55_N.jpg,22
snapshot_2021_11_12_13_30_38_N.jpg,PRTZ088099
snapshot_2021_11_12_16_00_49_License.jpg,8XMK145
snapshot_2021_11_12_16_02_58_N.jpg,20 2662
snapshot_2021_11_12_17_46_20_License.jpg,8WWD599
snapshot_2022_02_25_10_46_29_License.jpg,XP79006
snapshot_2022_02_25_10_46_34_N.jpg,820
snapshot_2022_02_25_10_49_35_N.jpg,800 543 5589
snapshot_2022_02_25_10_49_36_License.jpg,PB23930
snapshot_2022_02_25_10_49_36_N.jpg,LE3654
snapshot_2022_02_25_10_49_52_N.jpg,101
snapshot_2022_02_25_10_57_13_N.jpg,3808
snapshot_2022_02_25_11_02_28_N.jpg,929880
snapshot_2022_02_25_11_11_59_License.jpg,192724T
snapshot_2022_02_25_11_12_00_N.jpg,903066
snapshot_2022_02_25_11_18_51_License.jpg,21478T2
snapshot_2022_02_25_11_25_40_License.jpg,YP12472
snapshot_2022_02_25_11_31_28_License.jpg,53466Y1
snapshot_2022_02_25_11_36_05_License.jpg,98728000
snapshot_2022_02_25_11_50_02 (1)_License.jpg,4SA8197
snapshot_2022_02_25_11_50_02 (1)_N.jpg,524749
snapshot_2022_02_25_11_50_11 (1)_N.jpg,480492
snapshot_2022_02_25_11_50_11_N.jpg,480492
snapshot_2022_02_25_12_18_28_License.jpg,70571P2
snapshot_2022_02_25_12_43_04_License.jpg,8LMZ271
snapshot_2022_02_25_12_53_39_License.jpg,6LMX942
snapshot_2022_02_25_12_54_12_License.jpg,7KNL044
snapshot_2022_02_25_12_54_14_License.jpg,6AND929
snapshot_2022_02_25_12_54_16_License.jpg,5DEM889
snapshot_2022_02_25_13_00_44_License.jpg,2721336
snapshot_2022_02_25_13_02_53_License.jpg,7932LK
snapshot_2022_02_25_13_08_21 (1)_License.jpg,70571P2
snapshot_2022_02_25_13_11_46_License.jpg,91214H2
snapshot_2022_02_25_13_29_08_License.jpg,XP60032
snapshot_2022_02_25_13_29_08_N.jpg,101
snapshot_2022_02_25_13_50_28_License.jpg,YP36736
snapshot_2022_02_25_13_50_28_N.jpg,DN58
snapshot_2022_02_25_13_50_31_N.jpg,DN58
snapshot_2022_02_25_13_51_58_License.jpg,2660116
snapshot_2022_02_25_13_53_39_N.jpg,53104
snapshot_2022_02_25_14_04_58_N.jpg,488267CB
snapshot_2022_02_25_14_44_29_License.jpg,XP48649
snapshot_2022_02_25_14_45_37_License.jpg,3EY026
snapshot_2022_02_25_14_45_37_N.jpg,V10326
snapshot_2022_02_25_14_48_54_License.jpg,95239HZ
snapshot_2022_02_25_16_11_17_License.jpg,9E28423
snapshot_2022_02_28_11_42_58_License.jpg,2259LT
snapshot_2022_02_28_11_43_09_License.jpg,4RR5306
snapshot_2022_02_28_11_51_40_License.jpg,2518235
snapshot_2022_02_28_11_51_41_License.jpg,2518235
snapshot_2022_02_28_11_57_51_License.jpg,XP60032
snapshot_2022_02_28_11_58_31_License.jpg,4CLK191
snapshot_2022_02_28_11_59_40_License.jpg,98143000
snapshot_2022_02_28_12_02_17_License.jpg,P752720
snapshot_2022_02_28_12_14_12_N.jpg,800 486 7222
snapshot_2022_02_28_12_39_33_N.jpg,PTLZ087966
snapshot_2022_02_28_12_44_57_N.jpg,8
snapshot_2022_02_28_12_49_11_N.jpg,866 347 2260
snapshot_2022_02_28_12_51_32_License.jpg,79722S2
snapshot_2022_02_28_12_57_20_License.jpg,9E87215
snapshot_2022_02_28_13_02_20_License.jpg,XP60032
snapshot_2022_02_28_13_12_34_License.jpg,8AYV492
snapshot_2022_02_28_14_04_30_License.jpg,XP71627
snapshot_2022_02_28_14_09_44_License.jpg,U239598
snapshot_2022_02_28_14_34_25 (1)_License.jpg,XP60032
snapshot_2022_02_28_14_41_28_License.jpg,6LMX942
snapshot_2022_02_28_14_43_00_License.jpg,7HQU369
snapshot_2022_02_28_14_43_32_License.jpg,7VGH091
snapshot_2022_02_28_14_43_57_License.jpg,6S0X849
snapshot_2022_02_28_14_44_18_License.jpg,8GGG484
snapshot_2022_02_28_14_46_58_License.jpg,60146X2
snapshot_2022_02_28_14_49_18_License.jpg,72BW744
snapshot_2022_02_28_14_51_05_License.jpg,8AFV272
snapshot_2022_02_28_14_55_29_License.jpg,P487870
snapshot_2022_02_28_14_55_29_N.jpg,820743
snapshot_2022_02_28_15_00_44_License.jpg,VP94493
snapshot_2022_02_28_15_32_06_License.jpg,23B1583
snapshot_2022_02_28_15_32_32_License.jpg,95239HZ
snapshot_2022_02_28_15_32_52_License.jpg,XP60032
snapshot_2022_02_28_15_32_53_N.jpg,101
snapshot_2022_03_01_07_01_46_License.jpg,60146X2
snapshot_2022_03_01_10_04_01_License.jpg,2259LT
snapshot_2022_03_01_10_04_01_N.jpg,PRTZ088048
snapshot_2022_03_01_10_08_20_License.jpg,XP52439
snapshot_2022_03_01_10_08_30_License.jpg,YP13988
snapshot_2022_03_01_10_20_15_License.jpg,XP60032
snapshot_2022_03_01_10_20_15_N.jpg,101
snapshot_2022_03_01_10_23_59_License.jpg,9F57476
snapshot_2022_03_01_10_24_01_License.jpg,9F57476
snapshot_2022_03_01_10_24_01_N.jpg,105
snapshot_2022_03_01_10_32_33_License.jpg,2625688
snapshot_2022_03_01_10_37_10_N.jpg,64
snapshot_2022_03_01_10_37_11_N.jpg,64
snapshot_2022_03_01_10_37_12_License.jpg,8X55923
snapshot_2022_03_01_10_59_37 (1)_N.jpg,TSXZ407131
snapshot_2022_03_01_11_02_31_License.jpg,2014780
snapshot_2022_03_01_11_02_31_N.jpg,TSXZ436921
snapshot_2022_03_01_11_25_03_License.jpg,9F13926
snapshot_2022_03_01_11_38_53_License.jpg,39031L2
snapshot_2022_03_01_11_54_41_License.jpg,XP60032
vlcsnap-2021-10-15-16h11m58s269_N.jpg,S59
vlcsnap-2021-10-15-16h12m00s138_N.jpg,S59
vlcsnap-2021-10-15-16h12m30s397_N.jpg,S59
vlcsnap-2021-10-15-16h13m50s467_N.jpg,W12072
vlcsnap-2021-10-15-16h13m55s271_N.jpg,W12072
vlcsnap-2021-10-15-16h13m59s105_N.jpg,W12072
vlcsnap-2021-10-15-16h14m30s588_N.jpg,W12072
vlcsnap-2021-10-15-16h14m40s168_N.jpg,W12072
vlcsnap-2021-10-15-16h14m43s567_N.jpg,W12072
vlcsnap-2021-10-15-16h14m44s332_N.jpg,W12072
vlcsnap-2021-10-15-16h14m50s726_N.jpg,W12072
vlcsnap-2021-10-15-16h14m51s263_N.jpg,W12072
vlcsnap-2021-10-15-16h14m58s200_N.jpg,W12072
vlcsnap-2021-10-15-16h14m58s666_N.jpg,W12072
vlcsnap-2021-10-15-16h14m59s868_N.jpg,W12072
